"Timestamp","Gender","Age group","Qualification (completed / ongoing)","Stream","Work Experience","Area of Interest","Important factor you consider when looking for a new job","Type of company you prefer","","",""
"2021/03/25 11:36:12 am GMT+5:30","F","20-25","UG","ECE / Related","No","Both","Salary","Service based","","",""
"2021/03/25 11:36:38 am GMT+5:30","M","20-25","UG","ECE / Related","No","Software Companies","Learning Opportunity","Product based","","",""
"2021/03/25 11:37:06 am GMT+5:30","F","20-25","PG","CSE / Related","Yes","Software Companies","Work Culture","Product based","","",""
"2021/03/25 11:39:17 am GMT+5:30","F","18-20","UG","ECE / Related","No","Both","Learning Opportunity","Product based","","",""
"2021/03/25 11:39:42 am GMT+5:30","M","18-20","UG","ECE / Related","No","Both","Learning Opportunity","Service based","","",""
"2021/03/25 11:40:34 am GMT+5:30","F","20-25","UG","CSE / Related","No","Both","Learning Opportunity","Service based","","",""
"2021/03/25 11:41:04 am GMT+5:30","M","25-30","UG","CSE / Related","Yes","Software Companies","Learning Opportunity","Product based","","",""
"2021/03/25 11:41:36 am GMT+5:30","F","18-20","UG","ECE / Related","No","Both","Learning Opportunity","Product based","","",""
"2021/03/25 11:42:00 am GMT+5:30","F","20-25","PG","CSE / Related","No","Both","Learning Opportunity","Service based","","",""
"2021/03/25 11:45:34 am GMT+5:30","M","25-30","UG","Other","Yes","Hardware Companies","Salary","Product based","","",""
"2021/03/25 11:47:21 am GMT+5:30","F","18-20","UG","ECE / Related","No","Both","Learning Opportunity","Service based","","",""
"2021/03/25 11:47:39 am GMT+5:30","M","25-30","PG","ECE / Related","Yes","Hardware Companies","Salary","Product based","","",""
"2021/03/25 11:49:04 am GMT+5:30","F","20-25","UG","ECE / Related","No","Both","Learning Opportunity","Product based","","",""
"2021/03/25 11:49:22 am GMT+5:30","F","20-25","UG","CSE / Related","Yes","Software Companies","Work Culture","Service based","","",""
"2021/03/25 11:49:50 am GMT+5:30","M","20-25","UG","CSE / Related","Yes","Software Companies","Work Culture","Product based","","",""
"2021/03/25 11:50:08 am GMT+5:30","M","25-30","UG","CSE / Related","Yes","Software Companies","Salary","Service based","","",""
"2021/03/25 11:50:12 am GMT+5:30","M","20-25","UG","CSE / Related","No","Both","Work Culture","Service based","","",""
"2021/03/25 11:52:32 am GMT+5:30","F","20-25","UG","CSE / Related","Yes","Software Companies","Learning Opportunity","Service based","","",""
"2021/03/25 11:54:13 am GMT+5:30","F","20-25","PG","CSE / Related","Yes","Software Companies","Work Culture","Product based","","",""
"2021/03/25 11:55:32 am GMT+5:30","M","20-25","UG","CSE / Related","No","Software Companies","Learning Opportunity","Product based","","",""
"2021/03/25 11:57:08 am GMT+5:30","F","20-25","PG","CSE / Related","No","Both","Learning Opportunity","Product based","","",""
"2021/03/25 11:57:33 am GMT+5:30","M","25-30","UG","CSE / Related","Yes","Software Companies","Learning Opportunity","Product based","","",""
"2021/03/25 11:57:50 am GMT+5:30","F","20-25","UG","ECE / Related","No","Both","Work Culture","Product based","","",""
"2021/03/25 11:59:04 am GMT+5:30","M","20-25","UG","CSE / Related","No","Both","Learning Opportunity","Service based","Service based","",""
"2021/03/25 11:59:16 am GMT+5:30","F","20-25","PG","CSE / Related","No","Both","Work Culture","Product based","","",""
"2021/03/25 12:00:04 pm GMT+5:30","F","20-25","PG","CSE / Related","Yes","Software Companies","Learning Opportunity","Product based","Yes","",""
"2021/03/25 12:02:10 pm GMT+5:30","F","20-25","PG","CSE / Related","No","Software Companies","Brand Value","Product based","Yes","",""
"2021/03/25 12:03:03 pm GMT+5:30","F","20-25","UG","CSE / Related","No","Both","Work Culture","Service based","Yes","",""
"2021/03/25 12:05:58 pm GMT+5:30","F","25-30","PG","CSE / Related","Yes","Software Companies","Salary","Product based","Yes","Yes","Product based"
"2021/03/25 12:08:17 pm GMT+5:30","F","20-25","PG","CSE / Related","Yes","Software Companies","Learning Opportunity","Product based","Yes","No","Product based"
"2021/03/25 12:08:50 pm GMT+5:30","M","25-30","UG","CSE / Related","Yes","Software Companies","Learning Opportunity","Service based","Yes","Yes","Service based"
"2021/03/25 12:11:58 pm GMT+5:30","F","20-25","PG","CSE / Related","No","Both","Learning Opportunity","Product based","Yes","No","Product based"
"2021/03/25 12:12:08 pm GMT+5:30","M","25-30","PG","ECE / Related","Yes","Software Companies","Salary","Product based","No","Yes","Product based"
"2021/03/25 12:24:44 pm GMT+5:30","F","20-25","PG","CSE / Related","Yes","Software Companies","Learning Opportunity","Product based","","",""
"2021/03/25 12:25:04 pm GMT+5:30","M","20-25","UG","CSE / Related","No","Both","Work Culture","Product based","","",""
"2021/03/25 12:29:20 pm GMT+5:30","F","18-20","UG","ECE / Related","No","Both","Learning Opportunity","Product based","","",""
"2021/03/25 12:31:06 pm GMT+5:30","M","25-30","PG","CSE / Related","Yes","Software Companies","Salary","Product based","","",""
"2021/03/25 12:35:34 pm GMT+5:30","M","20-25","UG","CSE / Related","No","Both","Learning Opportunity","Product based","","",""
"2021/03/25 12:45:32 pm GMT+5:30","F","18-20","UG","ECE / Related","No","Both","Learning Opportunity","Service based","","",""
"2021/03/25 12:50:12 pm GMT+5:30","M","25-30","PG","ECE / Related","Yes","Both","Work Culture","Product based","","",""
"2021/03/25 12:50:40 pm GMT+5:30","M","25-30","UG","CSE / Related","Yes","Software Companies","Brand Value","Product based","","",""
"2021/03/25 1:00:19 pm GMT+5:30","F","20-25","UG","ECE / Related","No","Both","Work Culture","Service based","","",""
"2021/03/25 1:04:04 pm GMT+5:30","M","25-30","PG","ECE / Related","No","Hardware Companies","Learning Opportunity","Product based","","",""
"2021/03/25 1:06:07 pm GMT+5:30","F","20-25","PG","Other","Yes","Software Companies","Work Culture","Product based","","",""
"2021/03/25 1:11:43 pm GMT+5:30","F","20-25","PG","ECE / Related","No","Both","Learning Opportunity","Product based","","",""
"2021/03/25 1:18:10 pm GMT+5:30","M","20-25","UG","ECE / Related","No","Both","Work Culture","Product based","","",""
"2021/03/25 1:20:46 pm GMT+5:30","M","25-30","PG","ECE / Related","No","Both","Learning Opportunity","Product based","","",""
"2021/03/25 1:26:40 pm GMT+5:30","F","18-20","UG","ECE / Related","No","Hardware Companies","Work Culture","Service based","","",""
"2021/03/25 1:28:09 pm GMT+5:30","F","20-25","PG","ECE / Related","No","Hardware Companies","Brand Value","Product based","","",""
"2021/03/25 1:33:18 pm GMT+5:30","F","20-25","PG","ECE / Related","No","Both","Learning Opportunity","Service based","","",""
"2021/03/25 1:36:03 pm GMT+5:30","Other","25-30","PG","Other","No","Both","Learning Opportunity","Product based","","",""
"2021/03/25 1:40:10 pm GMT+5:30","F","20-25","PG","ECE / Related","No","Both","Learning Opportunity","Product based","","",""
"2021/03/25 1:57:58 pm GMT+5:30","M","18-20","UG","ECE / Related","No","Software Companies","Learning Opportunity","Service based","","",""
"2021/03/25 1:58:15 pm GMT+5:30","M","20-25","UG","CSE / Related","No","Software Companies","Work Culture","Service based","","",""
"2021/03/25 2:06:03 pm GMT+5:30","F","20-25","PG","ECE / Related","No","Both","Work Culture","Service based","","",""
"2021/03/25 2:06:55 pm GMT+5:30","M","20-25","UG","ECE / Related","No","Both","Work Culture","Product based","","",""
"2021/03/25 2:09:38 pm GMT+5:30","M","25-30","UG","ECE / Related","Yes","Software Companies","Work Culture","Product based","","",""
"2021/03/25 2:11:32 pm GMT+5:30","F","20-25","PG","ECE / Related","Yes","Software Companies","Learning Opportunity","Product based","","",""